-- ============================================================
-- Church Worker Management App — Seed Data
-- Run AFTER 001_initial_schema.sql
-- NOTE: Workers are seeded without auth_user_id since these
-- are test profiles. Link them to real auth users via the
-- Supabase dashboard or auth.admin.create_user() as needed.
-- ============================================================


-- ============================================================
-- DEPARTMENTS
-- ============================================================
insert into public.departments (id, name, description) values
    ('a1000000-0000-0000-0000-000000000001', 'Ushers',              'Welcomes and directs congregation members'),
    ('a1000000-0000-0000-0000-000000000002', 'Choir',               'Leads musical worship during services'),
    ('a1000000-0000-0000-0000-000000000003', 'Children''s Ministry', 'Oversees children''s programs and Sunday school'),
    ('a1000000-0000-0000-0000-000000000004', 'Technical',            'Manages sound, lighting, and projection'),
    ('a1000000-0000-0000-0000-000000000005', 'Prayer Team',         'Leads intercessory prayer during services');


-- ============================================================
-- DEPARTMENT ROLES
-- ============================================================
insert into public.department_roles (id, department_id, name, description) values
    -- Ushers
    ('b1000000-0000-0000-0000-000000000001', 'a1000000-0000-0000-0000-000000000001', 'Head Usher',    'Coordinates the usher team'),
    ('b1000000-0000-0000-0000-000000000002', 'a1000000-0000-0000-0000-000000000001', 'Floor Usher',   'Guides congregation to seats'),
    ('b1000000-0000-0000-0000-000000000003', 'a1000000-0000-0000-0000-000000000001', 'Door Usher',    'Manages entrance doors'),
    -- Choir
    ('b1000000-0000-0000-0000-000000000004', 'a1000000-0000-0000-0000-000000000002', 'Choir Director','Leads and rehearses the choir'),
    ('b1000000-0000-0000-0000-000000000005', 'a1000000-0000-0000-0000-000000000002', 'Alto',          'Alto vocal section'),
    ('b1000000-0000-0000-0000-000000000006', 'a1000000-0000-0000-0000-000000000002', 'Soprano',       'Soprano vocal section'),
    ('b1000000-0000-0000-0000-000000000007', 'a1000000-0000-0000-0000-000000000002', 'Tenor',         'Tenor vocal section'),
    -- Children's Ministry
    ('b1000000-0000-0000-0000-000000000008', 'a1000000-0000-0000-0000-000000000003', 'Ministry Lead', 'Oversees all children programs'),
    ('b1000000-0000-0000-0000-000000000009', 'a1000000-0000-0000-0000-000000000003', 'Teacher',       'Teaches Sunday school class'),
    ('b1000000-0000-0000-0000-000000000010', 'a1000000-0000-0000-0000-000000000003', 'Assistant',     'Supports teachers'),
    -- Technical
    ('b1000000-0000-0000-0000-000000000011', 'a1000000-0000-0000-0000-000000000004', 'Technical Lead',       'Oversees all technical operations'),
    ('b1000000-0000-0000-0000-000000000012', 'a1000000-0000-0000-0000-000000000004', 'Sound Engineer','Manages the soundboard'),
    ('b1000000-0000-0000-0000-000000000013', 'a1000000-0000-0000-0000-000000000004', 'Projectionist', 'Manages slides and projection'),
    -- Prayer Team
    ('b1000000-0000-0000-0000-000000000014', 'a1000000-0000-0000-0000-000000000005', 'Prayer Lead',   'Leads the prayer team'),
    ('b1000000-0000-0000-0000-000000000015', 'a1000000-0000-0000-0000-000000000005', 'Intercessor',   'Participates in intercessory prayer');


-- ============================================================
-- WORKERS (test profiles — no auth_user_id)
-- ============================================================
insert into public.workers (id, first_name, last_name, email, phone, is_active) values
    ('c1000000-0000-0000-0000-000000000001', 'Samuel',   'Adeyemi',   'samuel.adeyemi@example.com',   '+14165550101', true),
    ('c1000000-0000-0000-0000-000000000002', 'Grace',    'Okonkwo',   'grace.okonkwo@example.com',    '+16475550102', true),
    ('c1000000-0000-0000-0000-000000000003', 'Daniel',   'Mensah',    'daniel.mensah@example.com',    '+14375550103', true),
    ('c1000000-0000-0000-0000-000000000004', 'Esther',   'Nwosu',     'esther.nwosu@example.com',     '+14165550104', true),
    ('c1000000-0000-0000-0000-000000000005', 'Joshua',   'Boateng',   'joshua.boateng@example.com',   '+16475550105', true),
    ('c1000000-0000-0000-0000-000000000006', 'Mary',     'Eze',        'mary.eze@example.com',         '+14375550106', true),
    ('c1000000-0000-0000-0000-000000000007', 'Emmanuel', 'Asante',    'emmanuel.asante@example.com',  '+16045550107', true),
    ('c1000000-0000-0000-0000-000000000008', 'Ruth',     'Osei',       'ruth.osei@example.com',        '+17785550108', true),
    ('c1000000-0000-0000-0000-000000000009', 'Peter',    'Nkemdirim', 'peter.nkemdirim@example.com',  '+16045550109', true),
    ('c1000000-0000-0000-0000-000000000010', 'Abigail',  'Darko',     'abigail.darko@example.com',    '+17785550110', true),
    ('c1000000-0000-0000-0000-000000000011', 'Isaac',    'Owusu',     'isaac.owusu@example.com',      '+15875550111', true),
    ('c1000000-0000-0000-0000-000000000012', 'Deborah',  'Chukwu',    'deborah.chukwu@example.com',   '+15875550112', true);


-- ============================================================
-- APP ROLES
-- Samuel and Grace are admins; Daniel, Esther, Joshua, Mary are department heads
-- ============================================================
insert into public.worker_app_roles (worker_id, role) values
    ('c1000000-0000-0000-0000-000000000001', 'admin'),
    ('c1000000-0000-0000-0000-000000000002', 'admin'),
    ('c1000000-0000-0000-0000-000000000003', 'hod'),
    ('c1000000-0000-0000-0000-000000000004', 'hod'),
    ('c1000000-0000-0000-0000-000000000005', 'hod'),
    ('c1000000-0000-0000-0000-000000000006', 'hod'),
    ('c1000000-0000-0000-0000-000000000007', 'worker'),
    ('c1000000-0000-0000-0000-000000000008', 'worker'),
    ('c1000000-0000-0000-0000-000000000009', 'worker'),
    ('c1000000-0000-0000-0000-000000000010', 'worker'),
    ('c1000000-0000-0000-0000-000000000011', 'worker'),
    ('c1000000-0000-0000-0000-000000000012', 'worker');


-- ============================================================
-- ASSIGN DEPARTMENT HEADS
-- ============================================================
update public.departments set hod_id = 'c1000000-0000-0000-0000-000000000003'
    where id = 'a1000000-0000-0000-0000-000000000001'; -- Daniel heads Ushers

update public.departments set hod_id = 'c1000000-0000-0000-0000-000000000004'
    where id = 'a1000000-0000-0000-0000-000000000002'; -- Esther heads Choir

update public.departments set hod_id = 'c1000000-0000-0000-0000-000000000005'
    where id = 'a1000000-0000-0000-0000-000000000003'; -- Joshua heads Children's Ministry

update public.departments set hod_id = 'c1000000-0000-0000-0000-000000000006'
    where id = 'a1000000-0000-0000-0000-000000000004'; -- Mary heads Technical


-- ============================================================
-- WORKER DEPARTMENTS (membership + role per department)
-- ============================================================
insert into public.worker_departments (worker_id, department_id, department_role_id) values
    -- Ushers
    ('c1000000-0000-0000-0000-000000000003', 'a1000000-0000-0000-0000-000000000001', 'b1000000-0000-0000-0000-000000000001'), -- Daniel → Head Usher
    ('c1000000-0000-0000-0000-000000000007', 'a1000000-0000-0000-0000-000000000001', 'b1000000-0000-0000-0000-000000000002'), -- Emmanuel → Floor Usher
    ('c1000000-0000-0000-0000-000000000009', 'a1000000-0000-0000-0000-000000000001', 'b1000000-0000-0000-0000-000000000003'), -- Peter → Door Usher
    ('c1000000-0000-0000-0000-000000000011', 'a1000000-0000-0000-0000-000000000001', 'b1000000-0000-0000-0000-000000000002'), -- Isaac → Floor Usher
    -- Choir
    ('c1000000-0000-0000-0000-000000000004', 'a1000000-0000-0000-0000-000000000002', 'b1000000-0000-0000-0000-000000000004'), -- Esther → Choir Director
    ('c1000000-0000-0000-0000-000000000008', 'a1000000-0000-0000-0000-000000000002', 'b1000000-0000-0000-0000-000000000006'), -- Ruth → Soprano
    ('c1000000-0000-0000-0000-000000000010', 'a1000000-0000-0000-0000-000000000002', 'b1000000-0000-0000-0000-000000000005'), -- Abigail → Alto
    ('c1000000-0000-0000-0000-000000000012', 'a1000000-0000-0000-0000-000000000002', 'b1000000-0000-0000-0000-000000000005'), -- Deborah → Alto
    -- Children's Ministry
    ('c1000000-0000-0000-0000-000000000005', 'a1000000-0000-0000-0000-000000000003', 'b1000000-0000-0000-0000-000000000008'), -- Joshua → Ministry Lead
    ('c1000000-0000-0000-0000-000000000002', 'a1000000-0000-0000-0000-000000000003', 'b1000000-0000-0000-0000-000000000009'), -- Grace → Teacher
    ('c1000000-0000-0000-0000-000000000012', 'a1000000-0000-0000-0000-000000000003', 'b1000000-0000-0000-0000-000000000010'), -- Deborah → Assistant (multi-dept)
    -- Technical
    ('c1000000-0000-0000-0000-000000000006', 'a1000000-0000-0000-0000-000000000004', 'b1000000-0000-0000-0000-000000000011'), -- Mary → AV Lead
    ('c1000000-0000-0000-0000-000000000007', 'a1000000-0000-0000-0000-000000000004', 'b1000000-0000-0000-0000-000000000012'), -- Emmanuel → Sound Engineer (multi-dept)
    ('c1000000-0000-0000-0000-000000000011', 'a1000000-0000-0000-0000-000000000004', 'b1000000-0000-0000-0000-000000000013'), -- Isaac → Projectionist (multi-dept)
    -- Prayer Team
    ('c1000000-0000-0000-0000-000000000001', 'a1000000-0000-0000-0000-000000000005', 'b1000000-0000-0000-0000-000000000014'), -- Samuel → Prayer Lead
    ('c1000000-0000-0000-0000-000000000009', 'a1000000-0000-0000-0000-000000000005', 'b1000000-0000-0000-0000-000000000015'), -- Peter → Intercessor (multi-dept)
    ('c1000000-0000-0000-0000-000000000010', 'a1000000-0000-0000-0000-000000000005', 'b1000000-0000-0000-0000-000000000015'); -- Abigail → Intercessor (multi-dept)


-- ============================================================
-- AVAILABILITY
-- Recurring Sunday availability for all workers
-- Plus some specific date overrides (unavailable)
-- ============================================================
insert into public.availability (worker_id, availability_type, day_of_week, is_available) values
    -- All workers available Sundays by default (day_of_week = 0)
    ('c1000000-0000-0000-0000-000000000001', 'recurring', 0, true),
    ('c1000000-0000-0000-0000-000000000002', 'recurring', 0, true),
    ('c1000000-0000-0000-0000-000000000003', 'recurring', 0, true),
    ('c1000000-0000-0000-0000-000000000004', 'recurring', 0, true),
    ('c1000000-0000-0000-0000-000000000005', 'recurring', 0, true),
    ('c1000000-0000-0000-0000-000000000006', 'recurring', 0, true),
    ('c1000000-0000-0000-0000-000000000007', 'recurring', 0, true),
    ('c1000000-0000-0000-0000-000000000008', 'recurring', 0, true),
    ('c1000000-0000-0000-0000-000000000009', 'recurring', 0, true),
    ('c1000000-0000-0000-0000-000000000010', 'recurring', 0, true),
    ('c1000000-0000-0000-0000-000000000011', 'recurring', 0, true),
    ('c1000000-0000-0000-0000-000000000012', 'recurring', 0, true),
    -- Some workers also available Wednesdays (day_of_week = 3)
    ('c1000000-0000-0000-0000-000000000001', 'recurring', 3, true),
    ('c1000000-0000-0000-0000-000000000003', 'recurring', 3, true),
    ('c1000000-0000-0000-0000-000000000005', 'recurring', 3, true),
    ('c1000000-0000-0000-0000-000000000007', 'recurring', 3, true);

insert into public.availability (worker_id, availability_type, specific_date, is_available, notes) values
    -- Specific date overrides — workers marking themselves unavailable
    ('c1000000-0000-0000-0000-000000000007', 'specific_date', '2026-03-08', false, 'Travelling'),
    ('c1000000-0000-0000-0000-000000000010', 'specific_date', '2026-03-15', false, 'Family event'),
    ('c1000000-0000-0000-0000-000000000003', 'specific_date', '2026-03-22', false, 'Out of town');


-- ============================================================
-- SCHEDULES (upcoming Sunday services)
-- ============================================================
insert into public.schedules (id, department_id, title, scheduled_date, start_time, end_time, created_by) values
    ('d1000000-0000-0000-0000-000000000001', 'a1000000-0000-0000-0000-000000000001', 'Sunday Morning Service — Ushers',           '2026-03-08', '08:30', '13:00', 'c1000000-0000-0000-0000-000000000003'),
    ('d1000000-0000-0000-0000-000000000002', 'a1000000-0000-0000-0000-000000000002', 'Sunday Morning Service — Choir',            '2026-03-08', '08:00', '13:00', 'c1000000-0000-0000-0000-000000000004'),
    ('d1000000-0000-0000-0000-000000000003', 'a1000000-0000-0000-0000-000000000003', 'Sunday Morning Service — Children',         '2026-03-08', '09:00', '12:00', 'c1000000-0000-0000-0000-000000000005'),
    ('d1000000-0000-0000-0000-000000000004', 'a1000000-0000-0000-0000-000000000004', 'Sunday Morning Service — Technical',        '2026-03-08', '07:30', '13:30', 'c1000000-0000-0000-0000-000000000006'),
    ('d1000000-0000-0000-0000-000000000005', 'a1000000-0000-0000-0000-000000000001', 'Sunday Morning Service — Ushers',           '2026-03-15', '08:30', '13:00', 'c1000000-0000-0000-0000-000000000003'),
    ('d1000000-0000-0000-0000-000000000006', 'a1000000-0000-0000-0000-000000000002', 'Sunday Morning Service — Choir',            '2026-03-15', '08:00', '13:00', 'c1000000-0000-0000-0000-000000000004'),
    ('d1000000-0000-0000-0000-000000000007', 'a1000000-0000-0000-0000-000000000005', 'Wednesday Prayer Meeting',                  '2026-03-11', '18:00', '20:00', 'c1000000-0000-0000-0000-000000000001');


-- ============================================================
-- SCHEDULE ASSIGNMENTS
-- ============================================================
insert into public.schedule_assignments (schedule_id, worker_id, department_role_id, status) values
    -- March 8 — Ushers (Emmanuel is unavailable this day but assigned to test conflict detection)
    ('d1000000-0000-0000-0000-000000000001', 'c1000000-0000-0000-0000-000000000003', 'b1000000-0000-0000-0000-000000000001', 'confirmed'),  -- Daniel
    ('d1000000-0000-0000-0000-000000000001', 'c1000000-0000-0000-0000-000000000009', 'b1000000-0000-0000-0000-000000000003', 'confirmed'),  -- Peter
    ('d1000000-0000-0000-0000-000000000001', 'c1000000-0000-0000-0000-000000000011', 'b1000000-0000-0000-0000-000000000002', 'pending'),    -- Isaac
    ('d1000000-0000-0000-0000-000000000001', 'c1000000-0000-0000-0000-000000000007', 'b1000000-0000-0000-0000-000000000002', 'pending'),    -- Emmanuel (unavailable — for testing)
    -- March 8 — Choir
    ('d1000000-0000-0000-0000-000000000002', 'c1000000-0000-0000-0000-000000000004', 'b1000000-0000-0000-0000-000000000004', 'confirmed'),  -- Esther
    ('d1000000-0000-0000-0000-000000000002', 'c1000000-0000-0000-0000-000000000008', 'b1000000-0000-0000-0000-000000000006', 'confirmed'),  -- Ruth
    ('d1000000-0000-0000-0000-000000000002', 'c1000000-0000-0000-0000-000000000010', 'b1000000-0000-0000-0000-000000000005', 'pending'),    -- Abigail
    ('d1000000-0000-0000-0000-000000000002', 'c1000000-0000-0000-0000-000000000012', 'b1000000-0000-0000-0000-000000000005', 'pending'),    -- Deborah
    -- March 8 — Children's Ministry
    ('d1000000-0000-0000-0000-000000000003', 'c1000000-0000-0000-0000-000000000005', 'b1000000-0000-0000-0000-000000000008', 'confirmed'),  -- Joshua
    ('d1000000-0000-0000-0000-000000000003', 'c1000000-0000-0000-0000-000000000002', 'b1000000-0000-0000-0000-000000000009', 'confirmed'),  -- Grace
    -- March 8 — AV
    ('d1000000-0000-0000-0000-000000000004', 'c1000000-0000-0000-0000-000000000006', 'b1000000-0000-0000-0000-000000000011', 'confirmed'),  -- Mary
    ('d1000000-0000-0000-0000-000000000004', 'c1000000-0000-0000-0000-000000000011', 'b1000000-0000-0000-0000-000000000013', 'pending'),    -- Isaac
    -- March 15 — Ushers
    ('d1000000-0000-0000-0000-000000000005', 'c1000000-0000-0000-0000-000000000003', 'b1000000-0000-0000-0000-000000000001', 'pending'),    -- Daniel (unavailable Mar 22, not 15)
    ('d1000000-0000-0000-0000-000000000005', 'c1000000-0000-0000-0000-000000000009', 'b1000000-0000-0000-0000-000000000003', 'pending'),    -- Peter
    -- March 15 — Choir (Abigail unavailable this day)
    ('d1000000-0000-0000-0000-000000000006', 'c1000000-0000-0000-0000-000000000004', 'b1000000-0000-0000-0000-000000000004', 'pending'),    -- Esther
    ('d1000000-0000-0000-0000-000000000006', 'c1000000-0000-0000-0000-000000000008', 'b1000000-0000-0000-0000-000000000006', 'pending'),    -- Ruth
    -- Wednesday Prayer Meeting
    ('d1000000-0000-0000-0000-000000000007', 'c1000000-0000-0000-0000-000000000001', 'b1000000-0000-0000-0000-000000000014', 'confirmed'),  -- Samuel
    ('d1000000-0000-0000-0000-000000000007', 'c1000000-0000-0000-0000-000000000009', 'b1000000-0000-0000-0000-000000000015', 'pending');    -- Peter